test_id,sim_step,SRA,CI,Jaccard,DICE,origin_perturbation
1.0,71.0,0.7861703829598767,0.1241592323821453,0.6143996236529105,0.7611493643224577,978.26897750336
2.0,71.0,0.5707026534211612,0.2723636254996606,0.4151562425518049,0.586728489856631,1014.3590296256136
3.0,71.0,0.714855502043677,0.0509273649510772,0.7078726125583488,0.8289524726296594,1042.5887279034775
4.0,71.0,0.992717463358054,0.033653859809609,0.7699726906277994,0.8700390629809005,552.4725284586851
5.0,71.0,0.7769274757657529,0.0530870095231693,0.6906052448224506,0.8169917216777317,239.60349075307832
6.0,71.0,0.7176291538404096,0.1710470183793301,0.5678401564776354,0.7243597558482708,1273.790680697116
7.0,71.0,0.8548395290078247,0.1136307410507982,0.6731865373266136,0.8046760146686478,1114.284120234492
8.0,71.0,0.8211899311470198,0.1224559256772749,0.6214265086606382,0.7665182545633419,713.9730366509316
9.0,71.0,0.6967659889248347,0.1982096233993196,0.5256633935944176,0.68909484988819,1038.8461126663158
