test_id,sim_step,SRA,CI,Jaccard,DICE,origin_perturbation
1.0,71.0,0.7861829665228348,0.1248226009267971,0.6144309934030308,0.7611734362307804,978.26897750336
2.0,71.0,0.5706864512744679,0.2738218078412882,0.4151559354938536,0.5867281832075623,1014.3590296256136
3.0,71.0,0.714910290789921,0.0511662108284131,0.7079213920438828,0.8289859186044937,1042.5887279034775
4.0,71.0,0.9927133570865928,0.0338254740456045,0.7699476551642671,0.8700230799682163,552.4725284586851
5.0,71.0,0.7769933150269096,0.0533436296359881,0.690680701555054,0.8170445204937642,239.60349075307832
6.0,71.0,0.7177200704735697,0.1719350315252779,0.5678897712985561,0.7244001226287978,1273.790680697116
7.0,71.0,0.8547745720534393,0.1142457707182644,0.6731692709145124,0.8046636794214787,1114.284120234492
8.0,71.0,0.8212703813001659,0.1230982872671974,0.6214731811822384,0.7665537591304672,713.9730366509316
9.0,71.0,0.6968639869039538,0.1992582800638993,0.5257002302659233,0.6891265005240187,1038.8461126663158
